{"cameraMode":{"drawMode":0,"name":"Shaded","section":"Shading Mode"},"sceneLighting":true,"audioPlay":false,"sceneViewState":{"showFog":true,"showMaterialUpdate":false,"showSkybox":true,"showFlares":true,"showImageEffects":true,"showParticleSystems":true},"in2DMode":false,"pivot":{"x":0.8628529906272888,"y":1.4242478609085084,"z":5.267574310302734},"rotation":{"x":-0.20589837431907655,"y":-0.10050305724143982,"z":0.021261965855956079,"w":-0.9731664657592773},"size":8.789082527160645,"orthographic":false}