{"cameraMode":{"drawMode":0,"name":"Shaded","section":"Shading Mode"},"sceneLighting":true,"audioPlay":false,"sceneViewState":{"showFog":true,"showMaterialUpdate":false,"showSkybox":true,"showFlares":true,"showImageEffects":true,"showParticleSystems":true},"in2DMode":false,"pivot":{"x":0.8628529906272888,"y":1.4242478609085084,"z":5.267574310302734},"rotation":{"x":-0.06888306885957718,"y":0.9101345539093018,"z":-0.16844035685062409,"w":-0.37220722436904909},"size":6.414933681488037,"orthographic":false}