{"cameraMode":{"drawMode":0,"name":"Shaded","section":"Shading Mode"},"sceneLighting":true,"audioPlay":false,"sceneViewState":{"showFog":true,"showMaterialUpdate":false,"showSkybox":true,"showFlares":true,"showImageEffects":true,"showParticleSystems":true},"in2DMode":false,"pivot":{"x":-0.2399269938468933,"y":1.2525746822357178,"z":2.383758306503296},"rotation":{"x":-0.09620485454797745,"y":0.8969220519065857,"z":-0.24100373685359956,"w":-0.35804006457328799},"size":6.687313079833984,"orthographic":true}