{"cameraMode":{"drawMode":0,"name":"Shaded","section":"Shading Mode"},"sceneLighting":false,"audioPlay":false,"sceneViewState":{"showFog":true,"showMaterialUpdate":false,"showSkybox":false,"showFlares":true,"showImageEffects":true,"showParticleSystems":true},"in2DMode":false,"pivot":{"x":1.1920928955078126e-7,"y":0.4854605495929718,"z":0.00623968243598938},"rotation":{"x":-0.09620485454797745,"y":0.8969220519065857,"z":-0.24100373685359956,"w":-0.35804006457328799},"size":3.754927158355713,"orthographic":true}